{
  "baseline": {
    "em_dash": {
      "mean": 0.0,
      "std": 0.0,
      "n": 50
    },
    "dash_total": {
      "mean": 0.0,
      "std": 0.0,
      "n": 50
    },
    "colon": {
      "mean": 3.6034867815848304,
      "std": 10.689577420875244,
      "n": 50
    },
    "semicolon": {
      "mean": 0.238102766798419,
      "std": 1.2300940272632417,
      "n": 50
    },
    "bullet": {
      "mean": 0.0,
      "std": 0.0,
      "n": 50
    },
    "markdown_heading": {
      "mean": 0.0,
      "std": 0.0,
      "n": 50
    },
    "bold": {
      "mean": 0.4897959183673469,
      "std": 3.428571428571429,
      "n": 50
    }
  },
  "sft": {
    "em_dash": {
      "mean": 7.396834683419513,
      "std": 6.891139105489557,
      "n": 50
    },
    "dash_total": {
      "mean": 8.977662877733412,
      "std": 6.356247704366276,
      "n": 50
    },
    "colon": {
      "mean": 5.663539568342076,
      "std": 8.872296875514193,
      "n": 50
    },
    "semicolon": {
      "mean": 2.1845021355273495,
      "std": 3.4575688039162102,
      "n": 50
    },
    "bullet": {
      "mean": 0.0796812749003984,
      "std": 0.5577689243027888,
      "n": 50
    },
    "markdown_heading": {
      "mean": 0.08583690987124463,
      "std": 0.6008583690987124,
      "n": 50
    },
    "bold": {
      "mean": 1.1018294958909223,
      "std": 4.198927689160944,
      "n": 50
    }
  },
  "sft_self": {
    "em_dash": {
      "mean": 12.46743425548176,
      "std": 6.795991150410498,
      "n": 50
    },
    "dash_total": {
      "mean": 12.46743425548176,
      "std": 6.795991150410498,
      "n": 50
    },
    "colon": {
      "mean": 2.916946481005398,
      "std": 8.245863214271129,
      "n": 50
    },
    "semicolon": {
      "mean": 0.23078439400142536,
      "std": 1.1818425502788785,
      "n": 50
    },
    "bullet": {
      "mean": 0.15810276679841898,
      "std": 1.1067193675889326,
      "n": 50
    },
    "markdown_heading": {
      "mean": 0.0,
      "std": 0.0,
      "n": 50
    },
    "bold": {
      "mean": 0.8954335861966385,
      "std": 4.410878367521623,
      "n": 50
    }
  }
}